{"cameraMode":{"drawMode":0,"name":"Shaded","section":"Shading Mode"},"sceneLighting":false,"audioPlay":false,"sceneViewState":{"m_AlwaysRefresh":false,"showFog":true,"showSkybox":false,"showFlares":true,"showImageEffects":true,"showParticleSystems":true,"showVisualEffectGraphs":true,"m_FxEnabled":true},"in2DMode":false,"pivot":{"x":1.030524730682373,"y":2.1289963722229006,"z":-0.3725301921367645},"rotation":{"x":-0.6192476749420166,"y":0.0004882246721535921,"z":-0.00034308151225559413,"w":-0.7851548790931702},"size":1.3238202333450318,"orthographic":false}