{"cameraMode":{"drawMode":0,"name":"Shaded","section":"Shading Mode"},"sceneLighting":false,"audioPlay":false,"sceneViewState":{"m_AlwaysRefresh":false,"showFog":true,"showSkybox":false,"showFlares":true,"showImageEffects":true,"showParticleSystems":true,"showVisualEffectGraphs":true,"m_FxEnabled":true},"in2DMode":false,"pivot":{"x":0.815473735332489,"y":0.3763102889060974,"z":1.786123275756836},"rotation":{"x":-0.6192315220832825,"y":0.006365923676639795,"z":-0.005000458564609289,"w":-0.7851337194442749},"size":1.8570722341537476,"orthographic":false}